yr,lead_source,rows_,booked,gross_fee,commission_fee
2025,inbound,79,79,3302000.000000000,860202.750000000
2025,repeat,68,68,2389005.000000000,676500.000000000
2026,inbound,79,79,2018600.000000000,509025.000000000
2026,repeat,75,75,3067400.000000000,752285.000000000
